{
    "language": {
        "fr": {
            "#contacter l'administrateurCN":"Contact the administrator",   
            "#objetCN":"Object",
            "#messageCN":"Message",
             "#envoyerCN":"send",     
          
            
        },
        "En": {     
           "#contacter l'administrateurCN":"Contacter l'adminstrateur",   
            "#objetCN":"Objet",
            "#messageCN":"Message",
             "#envoyerCN":"Envoyer", 
           
            
        },
        "ar": {
           "#contacter l'administrateurCN":"اتصال بالمسؤول",   
            "#objetCN":"الموضوع",
            "#messageCN":"رسالة",
             "#envoyerCN":"ارسال", 
           
        }
    }
}
