{
    "language": {
        "En": {
            "#déposer un sujetDS":"Submit a Subject",   
            "#mes sujetsDS":"My subjects",
            "#tous les sujetsDS":"All topics",
             "#déposer un sujetDS1":"Submit a subject",     
            "#niveauDS":"Level",
            "#licenseDS":"License",
            "#masterDS":"Master",     
            "#titreDS":" Title",
            "#contenuDS":"Content",
            "#mots cléDS":"Key words",     
            "#environementDS":"Environment",
            "#bibliographieDS":"Bibliography",
            "#déposerDS":"Deposit",
             "#liste de mes sujetsDS":"List Of My Topics",     
            "#niveauDS1":"Level",
            "#titreDS1":"Title",
            "#etatDS":"State",
            "#etudiantDS":"Student (s)",     
            "#nombre de choixDS":"Number of choices",
            "#tout les sujetsDS":"All topics",
            "#niveauDS2":"Level",     
            "#titreDS2":"Title",
            "#encadreurDS":"Encadreur",
            "#etatDS":"State",
             "#etudiantDS":"Student (s)",
              "#nombre de choixDS":"Number of choices",
      
            
        },
        "fr": {     
            "#déposer un sujetDS":"Déposer un Sujet",   
            "#mes sujetsDS":"Mes sujets",
            "#tous les sujetsDS":"Tout les sujets",
             "#déposer un sujetDS1":"Déposer un sujet",     
            "#niveauDS":"Niveau",
            "#licenseDS":"License",
            "#masterDS":"Master",     
            "#titreDS":" Titre",
            "#contenuDS":"Contenu",
            "#mots cléDS":"Mots clé",     
            "#environementDS":"Environement",
            "#bibliographieDS":"Bibliographie",
            "#déposerDS":"Déposer",
             "#liste de mes sujetsDS":"Liste De Mes Sujets",     
            "#niveauDS":"Niveau",
            "#titreDS":"Titre",
            "#etatDS":"Etat",
            "#etudiantDS":"Etudiant(s)",     
            "#nombre de choixDS":"Nombre de choix",
            "#tout les sujetsDS":"Tout les sujets",
            "#niveauDS":"Niveau",     
            "#titreDS":"Titre",
            "#encadreurDS":"Encadreur",
            "#etatDS":"Etat",
             "#etudiantDS":"Etudiant(s)",
              "#nombre de choixDS":"Nombre de choix",
           
            
        },
        "ar": {
              "#déposer un sujetDS":"إرسال موضوع",   
            "#mes sujetsDS":"موضوعاتي",
            "#tous les sujetsDS":"كل المواضيع",
             "#déposer un sujetDS1":"إرسال موضوع",     
            "#niveauDS":"المستوى",
            "#licenseDS":"ليسانس",
            "#masterDS":"ماستر",     
            "#titreDS":" العنوان",
            "#contenuDS":"المحتوى",
            "#mots cléDS":"الكلمات المفتاحية",     
            "#environementDS":"البيئة",
            "#bibliographieDS":" الفهرس",
            "#déposerDS":" ايداع ",
             "#liste de mes sujetsDS":"قائمة المواضيع الخاصة بي",     
            "#niveauDS":"المستوى",
            "#titreDS":"العنوان",
            "#etatDS":" الحالة",
            "#etudiantDS":"الطلاب",     
            "#nombre de choixDS":"عدد الاختيارات",
            "#tout les sujetsDS":"كل المواضيع",
            "#niveauDS":"المستوى",     
            "#titreDS":"العنوان",
            "#encadreurDS":"مشرف",
            "#etatDS":" الحالة",
             "#etudiantDS":"الطلاب",
              "#nombre de choixDS":"عدد الاختيارات",
           
        }
    }
}
