{
    "language": {
        "En": {
            "#nomENC":"name",   
            "#prenomENC":"surname",
            "#emailENC":"E-mail",
             "#numeroENC":"Number",      
            "#gradeENC":"Grade",
            "#domainesENC":"Areas",
            "#envoyer un messageENC":"Send a message",     
            "#envoyer un messageENC1":" Send a message",
            "#objet ENC":"Object",
            "#messageENC":"Send",
            "#modifier mon profileENC":"Edit My Profile",
            "#idENC":"id",
             "#matriculeENC":"Registration number",     
            "#nomENC1":"name",
            "#prenomENC1":"surname",
            "#pseudoENC":"Pseudo",
            "#mot de passeENC":"Password",     
            "#emailENC":"E-mail",
            "#numérooENC":"Number",
            "#gradeENC1":"Grade",     
            "#maitre de conference classe AENC":"Class A lecturer",
            "#maitre de conference classe BENC":"Class B lecturer",
            "#domaines de recherchesENC":"Research areas",
             "#modifierENC":"Edit",
            
         
             
           
                            
          
            
            
        },
        "fr": {     
               "#nomENC":"Nom",   
            "#prenomENC":"Prénom",
            "#emailENC":"Email",
             "#numeroENC":"Numéro",      
            "#gradeENC":"Grade",
            "#domainesENC":"Domaines",
            "#envoyer un messageENC":"Envoyer un message",     
            "#envoyer un messageENC":" Envoyer Un Message",
            "#objet ENC":"Objet",
            "#messageENC":"Message",     
            "#envoyerENC":"Envoyez",
            "#modifier mon profileENC":"Modifier Mon Profile",
            "#idENC":"id",
             "#matriculeENC":"Matricule",     
            "#nomENC":"Nom",
            "#prenomENC":"Prenom",
            "#pseudoENC":"Pseudo",
            "#mot de passeENC":"Mot de passe",     
            "#emailENC":"Email",
            "#numérooENC":"Numéro",
            "#gradeENC":"Grade",     
            "#maitre de conference classe AENC":"Maitre de conference classe A",
            "#maitre de conference classe BENC":"Maitre de conference classe B",
            "#domaines de recherchesENC":"Domaines de recherches",
             "#modifierENC":"Modifier",
           
            
        },
        "ar": {
              "#nomENC":"اللقب ",   
            "#prenomENC":"الاسم",
            "#emailENC":"البريد الإلكتروني",
             "#numeroENC":"الرقم ",      
            "#gradeENC":"الدرجة ",
            "#domainesENC":"النطاقات ",
            "#envoyer un messageENC":"بعث رسالة",     
            "#envoyer un messageENC":" بعث رسالة",
            "#objet ENC":"Objet",
            "#messageENC":"رسالة",     
            "#envoyerENC":"إرسال",
            "#modifier mon profileENC":"تعديل ملفي الشخصي",
            "#idENC":"id",
             "#matriculeENC":"رقم التسجيل",     
            "#nomENC":"اللقب",
            "#prenomENC":"الاسم",
            "#pseudoENC":"اسم مستعار",
            "#mot de passeENC":"كلمة السر",     
            "#emailENC":"البريد الإلكتروني",
            "#numérooENC":"الرقم",
            "#gradeENC":" الدرجة",     
            "#maitre de conference classe AENC":"محاضر من الدرجة الأولى",
            "#maitre de conference classe BENC":"محاضر فئة ب",
            "#domaines de recherchesENC":"نطاقات البحث",
             "#modifierENC":"تعديل",
           
        }
    }
}
