{
    "language": {
        "fr": {
            "#Bienvenue dans votre espaceEN":"Welcome to your space",      
            "#igbiuiubniEN":"igbiuiubni",
            "#notificationsEN":"Notifications",
           
                            
          
            
            
        },
        "En": {     
           "#Bienvenue dans votre espaceEN":"Bienvenue Dans Votre Espace",      
            "#igbiuiubniEN":"igbiuiubni",
            "#notificationsEN":"Notifications",
           
            
        },
        "ar": {
           "#Bienvenue dans votre espaceEN":"مرحبًا بك في مساحتك",      
            "#igbiuiubniEN":"igbiuiubni",
            "#notificationsEN":"الإشعارات ",
           
        }
    }
}
