{
    "language": {
        "fr": {
            "#liste des mes etudiantsME":"List Of My Students",   
            "#idME":"ID",
            "#PseudoME":"Pseudo",
             "#sujetME":"Subject",     
            "#tauxAvancementME":"Rates of progress",
          
        },
        "En": {     
              "#liste des mes etudiantsME":"Liste De Mes Etudiants",   
            "#idME":"ID",
            "#PseudoME":"Pseudo",
             "#sujetME":"Sujet",     
            "#tauxAvancementME":"Taux d'avancement",
           
            
        },
        "ar": {
             "#liste des mes etudiantsME":"قائمة طلابي",   
            "#idME":"ID",
            "#PseudoME":"اسم مستعار",
             "#sujetME":"الموضوع",     
            "#tauxAvancementME":"معدلات التقدم",
           
        }
    }
}
