{
    "language": {
        "En": {
            "#liste des rendez vousRD":"List Of Appointments",   
            "#demander un rdvRD":"Request an appointment",
            "#idRD":"ID",
             "#etudiantRD":"Student (s)",     
            "#dateRD":"Dated",
            "#heureRD":"Hour",
            "#lieuRD":"Location",     
            "#etatRD":"State",
            "#actionRD1":"Action",
            "#actionRD2":"Action",     
            "#actionRD3":"Action",
            "#validerRD":"Validate",
            "#confirerRD":"confirm",
             "#modifierRD":"Edit",     
            "#annulerRD":"cancel",
            "#modifier rendez vousRD":"MODIFY Appointment",
            "#idRD1":"id ",
            "#dateRD1":"Dated",     
            "#heureRD1":"Hour",
            "#lieuRD1":"Location",
            "#modifierRD1":"Edit",     
            "#demander un rendez vousRD":"Request an appointment",
            "#recepteurRD":"Receiver",
            "#dateRD2":"Dated",
             "#heureRD2":"Hour",
              "#lieuRD2":"Location",
              "#demanderRD":"Request",
         
            
        },
        "fr": {     
            "#liste des rendez vousRD":"Liste Des Rendez Vous",   
            "#demander un rdvRD":"Demander un Rendez Vous",
            "#idRD":"ID",
             "#etudiantRD":"Etudiant(s)",     
            "#dateRD":"Date",
            "#heureRD":"Heure",
            "#lieuRD":"Lieu",     
            "#etatRD":" Etat",
            "#actionRD1":"Action",
            "#actionRD2":"Action",     
            "#actionRD3":"Action",
            "#validerRD":"Valider",
            "#confirerRD":"Confirmer",
             "#modifierRD":"Modifier",     
            "#annulerRD":"Annuler",
            "#modifier rendez vousRD":"MODIFIER Rendez Vous",
            "#idRD":"id ",
            "#dateRD":"Date",     
            "#heureRD":"Heure",
            "#lieuRD":"Lieu",
            "#modifierRD1":"Modifier",     
            "#demander un rendez vousRD":"Demander Un Rendez Vous",
            "#recepteurRD":"Recepteur",
            "#dateRD1":"Date",
             "#heureRD":"Heure",
              "#lieuRD":"Lieu",
              "#demanderRD":"Demander",
           
            
        },
        "ar": {
             "#liste des rendez vousRD":"قائمة المواعيد",   
            "#demander un rdvRD":"طلب موعد",
            "#idRD":"ID",
             "#etudiantRD":"الطلاب",     
            "#dateRD":"التاريخ ",
            "#heureRD":" الساعة ",
            "#lieuRD":"الموقع",     
            "#etatRD":" الحالة",
            "#actionRD1":"عمل",
            "#actionRD2":"عمل",     
            "#actionRD3":"عمل",
            "#validerRD":"تحقق",
            "#confirerRD":"تأكيد ",
             "#modifierRD":"تعديل",     
            "#annulerRD":"الغاء",
            "#modifier rendez vousRD":"تعديل الموعد",
            "#idRD":"id ",
            "#dateRD":"التاريخ ",     
            "#heureRD":" الساعة ",
            "#lieuRD":"الموقع",
            "#modifierRD1":"تعديل",     
            "#demander un rendez vousRD":"طلب موعد",
            "#recepteurRD":"المتلقي",
            "#dateRD1":"التاريخ ",
             "#heureRD":" الساعة ",
              "#lieuRD":"الموقع",
              "#demanderRD":"طلب",
           
        }
    }
}
