{
    "language": {
        "En": {
            "#liste des messagesMS":"Message List",   
            "#envoyer un messageMS":"Send a message",
            "#idMS":"ID",
            "#expiditeurMS":"Sender",     
            "#recepteurMS":"Receiver",
            "#dateMS":"Dated",
            "#objetMS":"Object",     
            "#etatMs":" State",
            "#date de vueMS":"View Date",
            "#action MS":"Action",     
            "#consulterMS":"consult",
            "#consulterMS1":"consult",
            "#envoyer un messageMS1":"Send a message",
             "#role de recepteurMS":"Receiver role",     
            "#encadreurMS":"Encadreur",
            "#etudiantMS":"Student",
            "#recepteurMS1":"Receiver ",
            "#objetMS1":"Object",     
            "#messageMS1":"Message",
            "#envoyerMS1":"Send",                 
          
            
            
        },
        "fr": {     
               "#liste des messagesMS":"Liste Des messages",   
            "#envoyer un messageMS":"Envoyer un message",
            "#idMS":"ID",
             "#expiditeurMS":"Expiditeur",     
            "#recepteurMS":"Recepteur",
            "#dateMS":"Date",
            "#objetMS":"Objet",     
            "#etatMs":" Etat",
            "#date de vueMS":"Date de Vue",
            "#action MS":"Action",     
            "#consulterMS":"Consulter",
            "#consulterMS1":"Consulter",
            "#envoyer un messageMS1":"Envoyer Un Message",
             "#role de recepteurMS":"Role de recepteur",     
            "#encadreurMS":"Encadreur",
            "#etudiantMS":"Etudiant",
            "#recepteurMS1":"Recepteur ",
            "#objetMS1":"Objet",     
            "#messageMS1":"Message",
            "#envoyerMS1":"Envoyez",
           
            
        },
        "ar": {
               "#liste des messagesMS":"قائمة الرسائل",   
            "#envoyer un messageMS":"بعث رسالة",
            "#idMS":"ID",
             "#expiditeurMS":"المرسل",     
            "#recepteurMS":"المتلقي",
            "#dateMS":"التاريخ ",
            "#objetMS":"الموضوع",     
            "#etatMs":"  الحالة",
            "#date de vueMS":"تاريخ العرض",
            "#action MS":"عمل",     
            "#consulterMS":"تشاور",
            "#consulterMS1":"تشاور",
            "#envoyer un messageMS1":"بعث رسالة",
             "#role de recepteurMS":"دور المتلقي",     
            "#encadreurMS":"مشرف",
            "#etudiantMS":"​​الطالب",
            "#recepteurMS1":"المتلقي ",
            "#objetMS1":"الموضوع",     
            "#messageMS1":"رسالة",
            "#envoyerMS1":"إرسال",
           
        }
    }
}
