{
    "language": {
        "En": {
            "#liste des choixS":"Choice List",   
            "#pseudoS":"Pseudo",
            "#sujetS":"Subject",
            "#prioritéS":"Priority",     
            "#date de choixS":"Date of choice",
            "#moyenne d'etudiantS":"Average student (s)",
            "#confirmerS":"confirm",     
  
        },
        "fr": {     
             "#liste des choixS":"Liste Des Choix",   
            "#pseudoS":"Pseudo",
            "#sujetS":"Sujet",
             "#prioritéS":"Priorité",     
            "#date de choixS":"Date de choix",
            "#moyenne d'etudiantS":"Moyenne d'etudiant(s)",
            "#confirmerS":"Confirmer", 
           
            
        },
        "ar": {
            "#liste des choixS":"قائمة الاختيار",   
            "#pseudoS":"اسم مستعار",
            "#sujetS":" الموضوع",
             "#prioritéS":"الأفضلية",     
            "#date de choixS":"تاريخ الاختيار",
            "#moyenne d'etudiantS":"معدل ​​الطالب",
            "#confirmerS":" تأكيد", 
           
        }
    }
}
