{
    "language": {
        "En": {
            "#moyenne de compteEN":"Account Average",     
            "#type de compteEN":"Type of account",
            "#niveauEN":"Level",
             "#sujetEN":"Subject",      
            "#envoyer un messageEN":"Send a message",
            "#demander un RDVEN":"Request an appointment",
            "#demander un RDVEN1":"Request an appointment",     
            "#nomEN":"name",
            "#prenomEN":"surname",
            "#emailEN":"E-mail",     
            "#moyenneEN":"Average",
            "#envoyer un messageEN2":"Send a message",
            "#objetEN":"Object",
             "#messageEN":"Message ",     
            "#envoyerEN":"Send",
            "#demander un RDVEN1":"Request an appointment",
            "#dateEN":"Dated",
            "#heureEN":"Hour",     
            "#lieuEN":"Location",
            "#demanderEN":"Request",
   
        },
        "fr": {     
           "#moyenne de compteEN":"Moyenne de Compte",     
            "#type de compteEN":"Type de compte",
            "#niveauEN":"Niveau",
             "#sujetEN":"Sujet",      
            "#envoyer un messageEN":"Envoyer un message",
            "#demander un RDVEN":"Demander un RDV",
            "#demander un RDVEN":"Demander un RDV",     
            "#nomEN":"Nom",
            "#prenomEN":"Prénom",
            "#emailEN":"Email",     
            "#moyenneEN":"Moyenne",
            "#envoyer un messageEN1":"Envoyer Un Message",
            "#objetEN":"Objet",
             "#messageEN":"Message ",     
            "#envoyerEN":"Envoyez",
            "#demander un RDVEN":"Demandez Un Rendez-Vous",
            "#dateEN":"Date",
            "#heureEN":"Heure",     
            "#lieuEN":"Lieu",
            "#demanderEN":"Demander",
           
            
        },
        "ar": {
           "#moyenne de compteEN":"معدل الحساب ",     
            "#type de compteEN":"نوع الحساب",
            "#niveauEN":" المستوى",
             "#sujetEN":" الموضوع ",      
            "#envoyer un messageEN":"بعث رسالة",
            "#demander un RDVEN":"طلب موعد",
            "#demander un RDVEN":"طلب موعد",     
            "#nomEN":" اللقب",
            "#prenomEN":"الاسم ",
            "#emailEN":"البريد الإلكتروني",     
            "#moyenneEN":"المعدل",
            "#envoyer un messageEN1":"بعث رسالة",
            "#objetEN":"Objet",
             "#messageEN":"رسالة ",     
            "#envoyerEN":"إرسال",
            "#demander un RDVEN":"طلب موعد",
            "#dateEN":"التاريخ ",
            "#heureEN":" الساعة",     
            "#lieuEN":" الموقع ",
            "#demanderEN":"طلب",
           
        }
    }
}
