{
    "language": {
        "en": {
            "#headtitle":"PFEs Management System",
            "#info":"INFORMATIONS",
            "#contact":"CONTACT",
            "#equipedev":"DEVELOPEMENT TEAM",
            "#lang":"LANGUAGE",
            "#afficherCnx":"SIGN IN",
            "#afficherIns":"SIGN UP",
            "#cnxTitle":"SIGN IN",
            "#send":"LOGIN",
            "#mdpOublie":"Forgot your password ?",
            "#clickHere":"Click Here",
            "#registerTitle":"SIGN UP",
            "#typeCompte":"Account Type",
            "#monome":"Monomial",
            "#binome":"Buddy",
            "#trinome":"Trinominal",
            "#reg":"SIGN UP",
            "#insText":"Are you a member already ?",
            "#insText2":"Click Here",
            "#infoTitle":"PFEs Management System",
            "#infoContent":"The system allows, on the one hand, the administration to properly manage and control student projects from the proposal of the subjects by the teachers to the defenses through the assignment, selection, follow-up, etc. And on the other hand, it allows students to consult the old projects, to select the new proposed subjects, to communicate with the teachers and the administration, to point out the gaps, to deposit reports, etc.",
            "#infoFooter":"University May 8, 1945, Department of Computer Science.",
            "#contactTitle":"Contact Us",
            "#contactL1":"University May 8, 1945 - GUELMA BP 401 GUELMA 24000 - ALGERIA",
            "#contactL2":"Phone : 213 (0) 37 10 05 53",
            "#contactL3":"Fax : 213 (0) 37 10 05 55 ",
            "#contactL4":"Email : <a href='mailto:info@univ-dz.com'>info@univ-dz.com</a>",
            "#contactFooter":"University May 8, 1945, Department of Computer Science.",
            "#devTitle":"DEVELOPEMENT TEAM",
            "#devL1":"Under the supervision of :",
            "#devFooter":"University May 8, 1945, Department of Computer Science."
        },
        "fr": {
            "#headtitle":"GESTION DES PROJETS FIN D'ETUDES",
            "#info":"INFORMATIONS",
            "#contact":"CONTACT",
            "#equipedev":"EQUIPE DE DEVELOPPEMENT",
            "#lang":"LANGUE",
            "#afficherCnx":"CONNEXION",
            "#afficherIns":"INSCRIPTION",
            "#cnxTitle":"Connexion",
            "#send":"CONNEXION",
            "#mdpOublie":"Mot de passe oublié ?",
            "#registerTitle":"INSCRIPTION",
            "#typeCompte":"Type de Compte",
            "#monome":"Monome",
            "#binome":"Binome",
            "#trinome":"Trinome",
            "#reg":"INSCRIPTION",
            "#insText":"Vous ete membre déja ?",
            "#insText2":"Cliquer ici",
            "#infoTitle":"GESTION DES PROJETS FIN D'ETUDES",
            "#infoContent":"Le systéme permet, d'une part, à l'administration de bien gérer et de bien contrôler les projets des étudiants dés la proposition des sujets par les enseignants jusqu’au les soutenances en passant par l'étape d'affectation, de sélection, de suivi, etc. Et d'une autre part, il permet aux étudiants de consulter les anciens projets, de sélectionner les nouveaux sujets proposés, de communiquer avec les enseignants et l'administration, de signaler les lacunes, de dépôt des rapports, etc.",
            "#infoFooter":"Université 8 mai 1945 , Département d’informatique.",
            "#contactTitle":"Contactez Nous",
            "#contactL1":"Université 8 mai 1945 - GUELMA BP 401 GUELMA 24000 - ALGERIE ",
            "#contactL2":"Tél: 213 (0) 37 10 05 53",
            "#contactL3":"Fax : 213 (0) 37 10 05 55",
            "#contactL4":"Email : <a href='mailto:info@univ-dz.com'>info@univ-dz.com</a>",
            "#contactFooter":"Université 8 mai 1945 , Département d’informatique.",
            "#devTitle":"EQUIPE DE DEVELOPPEMENT",
            "#devL1":"Sous Encadrement de  :",
            "#devFooter":"Université 8 mai 1945 , Département d’informatique."
        },
        "ar": {
            "#headtitle":"إدارة مشاريع التخرج",
            "#info":"معلومات",
            "#contact":"اتصل بنا",
            "#equipedev":"فريق التطوير",
            "#lang":"اللغة",
            "#afficherCnx":"تسجيل الدخول",
            "#afficherIns":"إنشاء حساب",
            "#cnxTitle":"تسجيل الدخول",
            "#send":"دخول",
            "#mdpOublie":"نسيت كلمة المرور ؟",
            "#clickHere":"إضغط هنا",
            "#registerTitle":"إنشاء حساب",
            "#typeCompte":"نوع الحساب",
            "#monome":"أحادي",
            "#binome":"أزواج",
            "#trinome":"ثلاثي",
            "#reg":"إنشاء",
            "#insText":"هل لديك حساب ؟",
            "#insText2":"إضغط هنا",
            "#infoTitle": "إدارة مشاريع التخرج",
            "#infoContent":"يسمح النظام ، من ناحية ، للإدارة بإدارة مشاريع الطلاب والتحكم فيها بشكل صحيح من الاقتراح المواد التي يقوم بها المعلمون حتى الدفاع ، ويمر خلال المهمة ، والاختيار ، ومرحلة المتابعة ، إلخ.  ومن ناحية أخرى ، يسمح للطلاب باستشارة المشروعات القديمة ، واختيار الموضوعات الجديدة المقترحة ، التواصل مع المعلمين والإدارة ، تقرير الثغرات ، تقارير الملفات ، إلخ",
            "#infoFooter":"جامعة 8 ماي 1945 قسم الاعلام الالي",
            "#contactTitle":"اتصل بنا",
            "#contactL1":"الجامعة 8 مايو 1945 - GUELMA BP 401 GUELMA 24000 - الجزائر",
            "#contactL2":"<br> رقم الهاتف : 213 0 37 10 05 53",
            "#contactL3":"<br> رقم الفاكس : 213 0 37 10 05 55",
            "#contactL4":"<br> <a href='mailto:info@univ-dz.com'>info@univ-dz.com</a> : البريد الالكتروني",
            "#contactFooter":"جامعة 8 ماي 1945 قسم الاعلام الالي",
            "#devTitle":"فريق التطوير",
            "#devL1":"تحت تأطير :",
            "#devFooter":"جامعة 8 ماي 1945 قسم الاعلام الالي"
        }
    }
}