{
    "language": {
        "en": {
            "#brand":"ADMINISTRATOR DASHBOARD",
            "#deco":"Logout",
            "#gestEtud":"Manage Student's accounts",
            "#gestEnc":"Manage Supervisor's accounts",
            "#gestSuj":"Manage Subjects",
            "#his":"History",
            "#stat":"Statistics",
            "#gestMsg":"Manage messages",
            "#lang":"LANGUAGE",
            "#importEtudText":"Students importation",
            "#listeEtudText":"Students list",
            "#gestionCompteText":"Account management",
            "#creationCompteText":"Manual Account Creation",
            "#importerLegendText":"Import students list",
            "#choixFichier":"Choose a file",
            "#importButton":"Import",
            "#matriculeTh":"Registration Number",
            "#nomTh":"Name",
            "#prenomTh":"First Name",
            "#emailTh":"Email",
            "#moyenneTh":"Grade",
            "#niveauTh":"Level",
            "#pinTh":"PIN",
            "#actionTh":"Action",
            "#actionTh2":"Action",
            "#idTh":"ID",
            "#pseudoTH":"Username",
            "#sujetTh":"Subject",
            "#moyenneTh2":"Grade",
            "#niveauTH2":"Level",
            "#typeTh":"Account Type",
            "#actionTh3":"Action",
            "#actionTh4":"Action",
            "#form1Title":"Manual Account Creation",
            "#pseudoLabel":"Username :",
            "#passwordLabel":"Password :",
            "#typeLabel":"Account Type :",
            "#addEtud":"ADD",
            "#formButton1":"Create",
            "#form2Title":"Add manually a student to the data base",
            "#matLabel":"Registration Number :",
            "#nomLabel":"Name :",
            "#prenomLabel":"First name :",
            "#emailLabel":"Email :",
            "#moyenneLabel":"Grade :",
            "#pinLabel":"PIN :",
            "#form2Button1":"Generate",
            "#form2Button2":"Verify if exist",
            "#form2Button3":"ADD",
            "#niveauLabel":"Level :",
            "#licenseLabel":"Bachelor",
            "#masterLabel":"Master"
        },
        "fr": {
            "#brand":"ESPACE ADMINISTRATEUR",
            "#deco":"Déconnexion",
            "#lang":"LANGUE",
            "#gestEtud":"Gestion comptes Etudiants",
            "#gestEnc":"Gestion comptes Encadreur",
            "#gestSuj":"Gestion des sujetsTION",
            "#his":"Historique",
            "#stat":"Statistique",
            "#gestMsg":"Gestion de la messagerie" ,
            "#importEtudText":"Importation Etudiants",
            "#listeEtudText":"Liste des Etudiants",
            "#gestionCompteText":"Gestion des Comptes",
            "#creationCompteText":"Creation manuelle des comptes",
            "#importerLegendText":"Importer la liste des etudiants",
            "#choixFichier":"Choisir un fichier",
            "#importButton":"Importer",
            "#matriculeTh":"Connexion",
            "#nomTh":"CONNEXION",
            "#prenomTh":"Mot de passe oublié ?",
            "#emailTh":"INSCRIPTION",
            "#moyenneTh":"Type de Compte",
            "#niveauTh":"Monome",
            "#binome":"Binome",
            "#trinome":"Trinome",
            "#reg":"INSCRIPTION",
            "#insText":"Vous ete membre déja ?",
            "#insText2":"Cliquer ici",
            "#infoTitle":"GESTION DES PROJETS FIN D'ETUDES",
            "#infoContent":"Le systéme permet, d'une part, à l'administration de bien gérer et de bien contrôler les projets des étudiants dés la proposition des sujets par les enseignants jusqu’au les soutenances en passant par l'étape d'affectation, de sélection, de suivi, etc. Et d'une autre part, il permet aux étudiants de consulter les anciens projets, de sélectionner les nouveaux sujets proposés, de communiquer avec les enseignants et l'administration, de signaler les lacunes, de dépôt des rapports, etc.",
            "#infoFooter":"Université 8 mai 1945 , Département d’informatique.",
            "#contactTitle":"Contactez Nous",
            "#contactL1":"Université 8 mai 1945 - GUELMA BP 401 GUELMA 24000 - ALGERIE ",
            "#contactL2":"Tél: 213 (0) 37 10 05 53",
            "#contactL3":"Fax : 213 (0) 37 10 05 55",
            "#contactL4":"Email : <a href='mailto:info@univ-dz.com'>info@univ-dz.com</a>",
            "#contactFooter":"Université 8 mai 1945 , Département d’informatique.",
            "#devTitle":"EQUIPE DE DEVELOPPEMENT",
            "#devL1":"Sous Encadrement de  :",
            "#devFooter":"Université 8 mai 1945 , Département d’informatique."
        },
        "ar": {
            "#brand":"  منطقة المشرف",
            "#deco":"تسجيل خروج",
            "#lang":"اللغة",
            "#gestEtud":"إدارة حسابات الطلاب",
            "#gestEnc":"إدارة حسابات المشرفين",
            "#gestSuj":"إدارة المواضيع",
            "#his":"التاريخ",
            "#stat":"إحصائيات",
            "#gestMsg":"إدارة الرسائل",
            "#importEtudText":"إدارة مشاريع التخرج",
            "#listeEtudText":"معلومات",
            "#gestionCompteText":"اتصل بنا",
            "#creationCompteText":"فريق التطوير",
            "#importerLegendText":"اللغة",
            "#choixFichier":"تسجيل الدخول",
            "#importButton":"إنشاء حساب",
            "#matriculeTh":"تسجيل الدخول",
            "#nomTh":"دخول",
            "#prenomTh":"نسيت كلمة المرور ؟",
            "#emailTh":"إضغط هنا",
            "#moyenneTh":"إنشاء حساب",
            "#niveauTh":"نوع الحساب",
            "#monome":"أحادي",
            "#binome":"أزواج",
            "#trinome":"ثلاثي",
            "#reg":"إنشاء",
            "#insText":"هل لديك حساب ؟",
            "#insText2":"إضغط هنا",
            "#infoTitle": "إدارة مشاريع التخرج",
            "#infoContent":"يسمح النظام ، من ناحية ، للإدارة بإدارة مشاريع الطلاب والتحكم فيها بشكل صحيح من الاقتراح المواد التي يقوم بها المعلمون حتى الدفاع ، ويمر خلال المهمة ، والاختيار ، ومرحلة المتابعة ، إلخ.  ومن ناحية أخرى ، يسمح للطلاب باستشارة المشروعات القديمة ، واختيار الموضوعات الجديدة المقترحة ، التواصل مع المعلمين والإدارة ، تقرير الثغرات ، تقارير الملفات ، إلخ",
            "#infoFooter":"جامعة 8 ماي 1945 قسم الاعلام الالي",
            "#contactTitle":"اتصل بنا",
            "#contactL1":"الجامعة 8 مايو 1945 - GUELMA BP 401 GUELMA 24000 - الجزائر",
            "#contactL2":"<br> رقم الهاتف : 213 0 37 10 05 53",
            "#contactL3":"<br> رقم الفاكس : 213 0 37 10 05 55",
            "#contactL4":"<br> <a href='mailto:info@univ-dz.com'>info@univ-dz.com</a> : البريد الالكتروني",
            "#contactFooter":"جامعة 8 ماي 1945 قسم الاعلام الالي",
            "#devTitle":"فريق التطوير",
            "#devL1":"تحت تأطير :",
            "#devFooter":"جامعة 8 ماي 1945 قسم الاعلام الالي"
        }
    }
}