{
    "language": {
        "en": {
            "#nombre total des etudiants":"Total number of students ",
            "#sansCompte":"Without Account",
            "#avecCompte":"With Account",
            "#avecSujet":"With Subject",
            "#sansSujet":"Without Subject",
            "#nombretotaldesetudians":"Total number of students",
            "#etudiants avec compte":"Students with Account",         
            "#etudiants sans compte":"Students without Account",
            "#comptes avec sujets":"Accounts with Subject",
            "#comptes sans sujet":"Accounts without Subject",
            "#matricule":"Registration number",
            "#nom":"name",
            "#prenom":"surname",                 
            "#email":"E-mail",
            "#moyenne":"Moyenne ",
            "#niveau":"Level ",
            "#pin":"PINE ",
            "#matriculeSC":"Registration number",
            "#nomSC":"name",                                              
            "#prenomSC":"surname",
            "#emailSC":"E-mail",
            "#moyenneSC":"Moyenne",
            "#niveauSC":"Level",
            "#pinSC":"PINE",
            "#idAV":"ID",
            "#PseudoAV":"Pseudo",
            "#sujetAV":"Subject",
            "#moyenneAV":"Moyenne",
            "#niveauAV":"Level",
            "#type de comptes AV":"Type of account",
            "#idSS":"ID",
            "#PseudoSS":"Pseudo ",
            "#moyenneSS":"Moyenne",
            "#niveauSS":"Level",
            "#type de comptesSS":"Type of account",
            
        },
        "fr": {     
            "#nombre total des etudiants":"Nombre total des etudiants ",
            "#sansCompte":"Sans Compte",
            "#avecCompte":"Avec Compte",
            "#avecSujet":"Avec Sujet",
            "#sansSujet":"Sans Sujet",
            "#nombretotaldesetudians":"Nombre total des etudiants ",
            "#etudiants avec compte":"Etudiants avec Compte",         
            "#etudiants sans compte":"Etudiants sans Compte",
            "#comptes avec sujets":"Comptes avec Sujet",
            "#comptes sans sujet":"Comptes sans Sujet",
            "#matricule":"Matricule",
            "#nom":"Nom",
            "#prenom":"Prénom",                 
            "#email":"email",
            "#moyenne":"Moyenne ",
            "#niveau":"Niveau ",
            "#pin":"PIN ",
            "#matriculeSC":"Matricule ",
            "#nomSC":"Nom",                                              
            "#prenomSC":"Prénom",
            "#emailSC":"email",
            "#moyenneSC":"Moyenne",
            "#niveauSC":"Niveau",
            "#pinSC":"PIN",
            "#idAV":"ID",
            "#PseudoAV":"Pseudo",
            "#sujetAV":"Sujet",
            "#moyenneAV":"Moyenne",
            "#niveauAV":"Niveau",
            "#type de comptes AV":"Type De Compte",
            "#idSS":"ID",
            "#PseudoSS":"Pseudo ",
            "#moyenneSS":"Moyenne",
            "#niveauSS":"Niveau",
            "#type de comptesSS":"Type De Compte",
            
        },
        "ar": {
            "#nombre total des etudiants":"إجمالي عدد الطلاب ",
            "#sansCompte":"بدون حساب",
            "#avecCompte":"مع حساب",
            "#avecSujet":"مع الموضوع",
            "#sansSujet":"بدون موضوع",
            "#nombretotaldesetudians":"إجمالي عدد الطلاب ",
            "#etudiants avec compte":"الطلاب الذين لديهم حساب",         
            "#etudiants sans compte":"الطلاب بدون حساب",
            "#comptes avec sujets":"الحسابات ذات الموضوع",
            "#comptes sans sujet":"حسابات بدون موضوع",
            "#matricule":"رقم التسجيل",
            "#nom":"  اللقب",
            "#prenom":"الاسم",                 
            "#email":"البريد الإلكتروني",
            "#moyenne":"    المعدل ",
            "#niveau":"    المستوى ",
            "#pin":"الرقم السري ",
            "#matriculeSC":"رقم التسجيل",
            "#nomSC":"  اللقب",                                              
            "#prenomSC":"الاسم",
            "#emailSC":"البريد الإلكتروني",
            "#moyenneSC":"    المعدل",
            "#niveauSC":"    المستوى",
            "#pinSC":"الرقم السري",
            "#idAV":"ID",
            "#PseudoAV":"Pseudo",
            "#sujetAV":"  الموضوع",
            "#moyenneAV":"    المعدل",
            "#niveauAV":"    المستوى",
            "#type de comptes AV":"نوع الحساب",
            "#idSS":"ID",
            "#PseudoSS":"Pseudo ",
            "#moyenneSS":" المعدل",
            "#niveauSS":"    المستوى",
            "#type de comptesSS":"نوع الحساب",
            
        }
    }
}
