{
    "language": {
        "fr": {
            "#nombre total des encadreurs inscrit":"Nombre total des encadreurs inscrit",
            "#proposeSujet":"proposeSujet",
            "#sansPropositionSujet":"sansPropositionSujet",
            "#nombre des encadreurs qui ont proposé des sujets":"Nombre des encadreurs qui ont proposé des sujets ",
            "#nom":"Nom",         
            "#Prénom":"Prénom",
            "#email":"Email",
            "#Pseudo":"Pseudo:",
            "#grade":"Grade",
            "#Theme":"Theme License",
            "#theme master":"Theme Master",                 
          
            
            
        },
        "En": {     
             "#nombre total des encadreurs inscrit":"Total number of supervisors registered",
            "#proposeSujet":"propose Subject",
            "#sansPropositionSujet":"withoutPropositionSubject",
            "#nombre des encadreurs qui ont proposé des sujets":"Number of supervisors who proposed topics ",
            "#nom":"name",         
            "#Prénom":"surname",
            "#email":"E-mail",
            "#Pseudo":"Pseudo:",
            "#grade":"Grade",
            "#Theme":"Theme License",
            "#theme master":"Theme Master", 
            
        },
        "ar": {
              "#nombre total des encadreurs inscrit":"إجمالي عدد المشرفين المسجلين",
            "#proposeSujet":"اقتراح الموضوع",
            "#sansPropositionSujet":"بدون اقتراح الموضوع",
            "#nombre des encadreurs qui ont proposé des sujets":"عدد المشرفين الذين اقترحوا موضوعات ",
            "#nom":"    اللقب",         
            "#Prénom":"الاسم",
            "#email":"البريد الإلكتروني",
            "#Pseudo":"Pseudo:",
            "#grade":"  الدرجة",
            "#Theme":"Theme License",
            "#theme master":"Theme Master", 
            
        }
    }
}
