{
    "language": {
        "en": {
            "#importEtudText":"Import Students",
            "#listeEtudText":"List of Students",
            "#gestionCompteText":"Account management",
            "#creationCompteText":"Manual creation of accounts",
            "#importerLegendText":" Import the list of students",
            "#choixFichier":"Choose a file",
            "#importButton":"Import",         
            "#matriculeTh":"Registration number",
            "#nomTh":"name",
            "#prenomTh":"surname :",
            "#emailTh":"E-mail :",
            "#moyenneTh":"Moyenne :",
            "#niveauTh":"Level",
            "#pinTh":"pin code",
            "#actionTh":"Action",
            "#actionTh2":"Action : ",
            "#modifButton":"Edit : ",
            "#supprimButton":"Supprimer : ",
            "#exportButton":"Export : ",
            "#idTh":"ID",                                              
            "#pseudoTH":"Pseudo",
            "#sujetTh":"Subject",
            "#moyenneTh2":"Moyenne",
            "#niveauTH2":"Level",
            "#typeTh":"Type of account",
            "#actionTh3":"Action",
            "#actionTh4":"Action",
            "#ModfButton":"Edit",
            "#suppButton":"Remove",
            "#createAcc":"Manual creation of a student account",
            "#pseudoLabel":"Pseudo",
            "#passwordLabel":"Password",
            "#typeLabel":"Type of account: ",
            "#monome":"monome : ",
            "#binome":"binomial : ",
            "#trinome":"trinomial : ",
            "#addEtud":"Add",
            "#formButton1":"Create",
            "#addToEtudList":"Manually adding a student to the database",
            "#matLabel":"Registration number",
            "#nomLabel":"name",
            "#nom":"Enter the name",
            "#prenomLabel":"surnom",
            "#prenom":"Enter the surname",
            "#emailLabel":"E-mail",
            "#email":"example@example.com",
            "#moyenneLabel":"Moyenne",
            "#pinLabel":"Pin code",
            "#form2Button1":"Generate",
            "#form2Button2":"Check if it exists",
            "#pinExist":" <strong>PIN already exists!</strong> Please generate another PIN code ",
            "#pinValide":" <strong>Valid PIN</strong> Complete the addition",
            "#niveauLabel":"Level",
             "#licenseLabel":"License",
            "#masterLabel":"Master",
            "#form2Button3":"Add",
            "#modification d'étudiant":"Student modification",
             "#matriculeE":"Registration number",
            "#nomE":" name",
            "#prenomE":"surnom ",
            "#emailE":"E-mail",
            "#moyenneE":"Moyenne",
            "#niveauE":"Level",
            "#LicenseE":"License",
            "#MasterE":"Master",             
            "#modification compte des étudiants":"Student account modification",
            "#pseudoCE":"Pseudo",
            "#moyenneCE":"Moyenne",
            "#niveauCE":"Level",
            "#LicenseCE":"License",
            "#MasterCE":"Master",
              "#typeCompteCE":"Type of account",
            "#MonomeCE":"monome",
            "#BinomeCE":"binomial",
            "#trinomeCE":"trinomial",
            "#modifeCE":"Edit",
            
        },
        "fr": {     
             "#importEtudText":"Importation Etudiants",
            "#listeEtudText":"Liste des Etudiants",
            "#gestionCompteText":"Gestion des Comptes",
            "#creationCompteText":"Creation manuelle des comptes",
            "#importerLegendText":" Importer la liste des etudiants",
            "#choixFichier":"Choisir un fichier",
            "#importButton":"Importer",         
            "#matriculeTh":"Matricule",
            "#nomTh":"Nom",
            "#prenomTh":"Prénom :",
            "#emailTh":"email :",
            "#moyenneTh":"Moyenne :",
            "#niveauTh":"Niveau",
            "#pinTh":"PIN",
            "#actionTh":"Action",
            "#actionTh2":"Actione : ",
            "#modifButton":"Modifier : ",
            "#supprimButton":"Supprimer : ",
            "#exportButton":"Export : ",
            "#idTh":"ID",                                              
            "#pseudoTH":"Pseudo",
            "#sujetTh":"Sujet",
            "#moyenneTh2":"Moyenne",
            "#niveauTH2":"Niveau",
            "#typeTh":"Type De Compte",
            "#actionTh3":"Action",
            "#actionTh4":"Action",
            "#ModfButton":"Modifier",
            "#suppButton":"Supprimer",
            "#createAcc":"Creation manuelle d'un compte étudiant",
            "#pseudoLabel":"Pseudo",
            "#passwordLabel":"Mot de passe",
            "#typeLabel":"Type De Compte : ",
            "#monome":"monome : ",
            "#binome":"binome : ",
            "#trinome":"trinome : ",
            "#etudiantMat":"Assign",
            "#addEtud":"Ajouter",
            "#formButton1":"Creer",
            "#addToEtudList":"Ajout manuelle d'un étudiant a la base",
            "#matLabel":"Matricule",
            "#nomLabel":"Nom",
            "#nom":"Saisir le nom",
            "#prenomLabel":"Prénom",
            "#prenom":"Saisir le prénom",
            "#emailLabel":"Email",
            "#email":"example@example.com",
            "#moyenneLabel":"Moyenne",
            "#pinLabel":"Code PIN",
            "#form2Button1":"Génerer",
            "#form2Button2":"Vérifier s'il existe",
            "#pinExist":" <strong>PIN exist deja!</strong> Veuillez generer un autre code PIN s'il vous plait  ",
            "#pinValide":" <strong>PIN Valide</strong> Completer l'ajout",
            "#niveauLabel":"Niveau",
            "#licenseLabel":"License",
            "#masterLabel":"Master",
            "#form2Button3":"Ajouter",
            "#modification d'étudiant":"Modification d'étudiant",
             "#matriculeE":"Matricule",
            "#nomE":" Nom",
            "#prenomE":"Prénom ",
            "#emailE":"Email",
            "#moyenneE":"Moyenne",
            "#niveauE":"Niveau",
            "#LicenseE":"License",
            "#MasterE":"Master" ,            
            "#modification compte des étudiants":"Modification compte étudiant",
            "#pseudoCE":"Pseudo",
            "#moyenneCE":"Moyenne",
            "#niveauCE":"Niveau",
            "#LicenseCE":"License",
            "#MasterCE":"Master",
              "#typeCompteCE":"Type de compte",
            "#MonomeCE":"monome",
            "#BinomeCE":"binome",
            "#trinomeCE":"trinome",
            "#modifeCE":"Modifier",
        },
        "ar": {
             "#importEtudText":"استيراد الطلاب",
            "#listeEtudText":"قائمة الطلاب",
            "#gestionCompteText":"ادارة الحساب",
            "#creationCompteText":"إنشاء حسابات يدويًا",
            "#importerLegendText":" استيراد قائمة الطلاب",
            "#choixFichier":"اختيار ملف",
            "#importButton":"استيراد",         
            "#matriculeTh":"استيراد",
            "#nomTh":"اللقب",
            "#prenomTh":"الاسم:",
            "#emailTh":"البريد الإلكتروني :",
            "#moyenneTh":" المعدل ",
            "#niveauTh":"المستوى",
            "#pinTh":"الرقم السري",
            "#actionTh":"عمل",
            "#actionTh2":"عمل ",
            "#modifButton":"تعديل  ",
            "#supprimButton":"إزالة ",
            "#exportButton":"تصدير  ",
            "#idTh":"ID",                                              
            "#pseudoTH":"اسم مستعار",
            "#sujetTh":"الموضوع ",
            "#moyenneTh2":"المعدل ",
            "#niveauTH2":"المستوى",
            "#typeTh":"نوع الحساب",
            "#actionTh3":"عمل",
            "#actionTh4":"عمل",
            "#ModfButton":"تعديل",
            "#suppButton":"إزالة",
            "#createAcc":"إنشاء حساب الطالب يدويًا",
            "#pseudoLabel":"اسم مستعار",
            "#passwordLabel":"كلمة السر",
            "#typeLabel":"نوع الحساب : ",
            "#monome":"احادي : ",
            "#binome":"ثنائي : ",
            "#trinome":"ثلاثي : ",
            "#addEtud":"اضافة ",
            "#formButton1":"انشاءا",
            "#addToEtudList":"إضافة طالب يدويًا إلى قاعدة البيانات",
            "#matLabel":"رقم التسجيل",
            "#nomLabel":"اللقب",
            "#nom":"ادخال اللقب",
            "#prenomLabel":"الاسم",
            "#prenom":"دخال الاسم",
            "#emailLabel":"البريد الإلكتروني",
            "#email":"example@example.com",
            "#moyenneLabel":"المعدل",
            "#pinLabel":"الرقم السري",
            "#form2Button1":"انشاء",
            "#form2Button2":"التحقق مما إذا كان موجودًا",
            "#pinExist":" الرقم السري موجود بالفعل الرجاء انشاء رقم  آخر  ",
            "#pinValide":" الرقم السري صالح أكمل الإضافة",
            "#niveauLabel":"المستوى",
             "#licenseLabel":"ليسونس",
            "#masterLabel":" ماستر",
            "#form2Button3":"اضافة ",
            "#modification d'étudiant":"تعديل الطالب",
             "#matriculeE":"رقم التسجيل",
            "#nomE":" اللقب",
            "#prenomE":"الاسم  ",
            "#emailE":"البريد الإلكتروني",
            "#moyenneE":"المعدل" ,
            "#niveauE":"المستوى",
            "#LicenseE":"ليسونس",
            "#MasterE":" ماستر"  ,           
            "#modification compte des étudiants":"تعديل حساب الطالب",
            "#pseudoCE":"Pseudo",
            "#moyenneCE":"المعدل",
            "#niveauCE":"المستوى",
            "#LicenseCE":"ليسونس"  ,
            "#MasterCE":" ماستر",
              "#typeCompteCE":"نوع الحساب",
            "#MonomeCE":" احادي ",
            "#BinomeCE":" ثنائيe",
            "#trinomeCE":"ثلاثي",
            "#modifeCE":"تعديل",
        }
    }
}
