{
    "language": {
        "en": {
            "#creer_compte_encadreur":"Create a Coaching Account",
            "#gestion des comptes encadreur":"Management of supervisor accounts",
            "#nom":"name",
            "#prenom":"surname",
            "#Pseudo":" pseudo",
            "#mdp":"Password",
            "#email":"E-mail",         
            "#number":"Number ",
            "#grade":"Grade",
            "#maitre de conference classe A":"Class A lecturer :",
            "#maitre de conference classe B":"Class B lecturer :",
            "#domaines":"Research areas",
            "#creer":"create",                 
            "#nomE":"name",
            "#prénomE":"surname : ",
            "#emailE":"E-mail: ",
            "#pseudoE":"Pseudo : ",
            "#gradeE":"Grade : ",
            "#action1":"Action",                                              
            "#action2":"Action",
            "#supprimer":"Remove",
            "#modifier":"Edit",
            "#idm":"id",
            "#nomm":"name",
            "#prenomm":"surname",
            "#pseudom":"Pseudo",
            "#mdpm":"Password",
            "#emailm":"E-mail",
            "#numberm":"Number",
            "#gradem":"Grade",
            "#maitredeconferenceclasseA":"Class A lecturer",
            "#maitredeconferenceclasseB":"Class B lecturer: ",
            "#domainesm":"Research areas : ",
            "#modifierm":"Edit : "
            
            
        },
        "fr": {     
            "#creer_compte_encadreur":"Creer Compte Encadreur",
            "#gestion des comptes encadreur":"Gestion des comptes encadreur",
            "#nom":"Nom",
            "#prenom":"Prenom",
            "#Pseudo":" pseudo",
            "#mdp":"Mot de passe",
            "#email":"Email",         
            "#number":"Numéro ",
            "#grade":"Grade",
            "#maitre de conference classe A":"Maitre de conference classe A :",
            "#maitre de conference classe B":"Maitre de conference classe B :",
            "#domaines de recherches":"Domaines de recherches :",
            "#domaines":"Domaines de recherches",
            "#creer":"creer",                 
            "#nomE":"Nom",
            "#prénomE":"Prénom : ",
            "#emailE":"Email: ",
            "#pseudoE":"Pseudo : ",
            "#gradeE":"Grade : ",
            "#action1":"Action",                                              
            "#action2":"Action",
            "#supprimer":"Supprimer",
            "#modifier":"Modifier",
            "#idm":"id",
            "#nomm":"Nom",
            "#prenomm":"Prenom",
            "#pseudom":"Pseudo",
            "#mdpm":"Mot de passe",
            "#emailm":"Email",
            "#numberm":"Numéro",
            "#gradem":"Grade",
            "#maitredeconferenceclasseA":"Maitre de conference classe A",
            "#maitredeconferenceclasseB":"Maitre de conference classe B: ",
            "#domainesm":"Domaines de recherches : ",
            "#modifierm":"Modifier : "
            
        },
        "ar": {
            "#creer_compte_encadreur":"إنشاء حساب مشرف",
            "#gestion des comptes encadreur":"إدارة حسابات المشرفين",
            "#nom":" اللقب",
            "#prenom":"الاسم",
            "#Pseudo":" اسم مستعار",
            "#mdp":"كلمة السر",
            "#email":"البريد الإلكتروني",         
            "#number":"رقم ",
            "#grade":"درجة",
            "#maitre de conference classe A":"   محاضر فئة ا   :",
            "#maitre de conference classe B":"محاضر فئة ب :",
            "#domaines":"نطاقات البحث",
            "#creer":"      انشاء   ",                 
            "#nomE":"اللقب",
            "#prénomE":"الاسم : ",
            "#emailE":"البريد الإلكتروني: ",
            "#pseudoE":"اسم مستعار ",
            "#gradeE":"درجة  ",
            "#action1":"عمل",                                              
            "#action2":"عمل",
            "#supprimer":"إزالة",
            "#modifier":"تعديل",
            "#idm":"id",
            "#nomm":" اللقب",
            "#prenomm":"الاسم",
            "#pseudom":"اسم مستعار",
            "#mdpm":"كلمة السر",
            "#emailm":"البريد الإلكتروني",
            "#numberm":"رقم",
            "#gradem":"درجة",
            "#maitredeconferenceclasseA":"   محاضر فئة ا  ",
            "#maitredeconferenceclasseB":"محاضر فئة ب: ",
            "#domainesm":"نطاقات البحث : ",
            "#modifierm":"تعديل : "
            
        }
    }
}
