{
    "language": {
        "en": {
            "#Liste des sujets ":"List of topics",
            "#cretion manuelle de sujets":"Manual topic creation",
            "#niveau":"Level",
            "#titre":"Title",
            "#encadreur":"Framer",
            "#etat":"State",
            "#etudiant":"Student (s)",         
            "#nombre de choix":"Number of choices ",
            "#taux d'Avancement":"Rates of progress",
            "#Action0":"Action ",
            "#Action1":"Action",
            "#Action2":"Action",
            "#Action3":"Action",                 
            "#modifier":"Edit",
            "#Liberer":"Release ",
            "#affecter":"Affect ",
            "#supprimer":"Remove ",
            "#niveauS":"Level",
            "#licenseS":"License",                                              
            "#masterS":"Master",
            "#titreS":"Title",
            "#titre":"the subject title",
            "#encadreurS":"Framer",
            "#encadreur":"Framer",
            "#contenuS":"Content",
            "#contenu":"Content",
            "#motcléS":"Key words",
            "#keywords":"Enter the key words separated by comma e.g. web, e-learning, ...",
            "#environementS":"Environment",
            "#env":"Understand the working environment",
            "#bibliographieS":"Bibliography",
            "#creer":"Create ",
            "#affecter le sujet":"Assign topic  ",
            "#compte":"Account  ",
            "#affect":"AFFECT  ",
            
        },
        "fr": {     
            "#Liste des sujets ":"Liste des sujets",
            "#cretion manuelle de sujets":"Création manuelle de sujet",
            "#niveau":"Niveau",
            "#titre":"sTitre",
            "#encadreur":"Encadreur",
            "#etat":"Etat",
            "#etudiant":"Etudiant(s)",         
            "#nombre de choix":"Nombre de choix ",
            "#taux d'Avancement":"Taux d'Avancement",
            "#Action0":"Action :",
            "#Action1":"Action:",
            "#Action2":"Action",
            "#Action3":"Action",                 
            "#modifier":"Modifier",
            "#Liberer":"Liberer: ",
            "#affecter":"Affecter: ",
            "#supprimer":"Supprimer: ",
            "#niveauS":"Niveau : ",
            "#licenseS":"License",                                              
            "#masterS":"Master",
            "#titreS":"Titre ",
            "#titre":"le titre de sujet",
            "#encadreurS":"Encadreur",
            "#encadreur":"encadreur",
            "#contenuS":"Contenu",
            "#contenu":"Contenu",
            "#motcléS":"Mots clé ",
            "#keywords":"Saisir les mots clé séparé par virgule ex : web,e-learning, ...",
            "#environementS":"Environement",
            "#env":"Saisir l'environement de travail",
            "#bibliographieS":"Bibliographie",
            "#creer":"Créer: ",
            "#affecter le sujet":"Affecter le sujet  : ",
            "#compte":"Compte : ",
            "#affect":"AFFECTER : ",
            
        },
        "ar": {
            "#Liste des sujets ":"قائمة المواضيع",
            "#cretion manuelle de sujets":"إنشاء موضوع يدويًا",
            "#niveau":"المستوى",
            "#titre":" العنوان",
            "#encadreur":"Encadreur",
            "#etat":" الحالة",
            "#etudiant":"الطلاب",         
            "#nombre de choix":"عدد الاختيارات ",
            "#taux d'Avancement":"معدلات التقدم",
            "#Action0":"عمل :",
            "#Action1":"عمل:",
            "#Action2":"عمل",
            "#Action3":"عمل",                 
            "#modifier":"تعديل",
            "#Liberer":"الغاء ",
            "#affecter":" تتعيين",
            "#supprimer":"إزالة ",
            "#niveauS":" المستوى  ",
            "#licenseS":" ليسانس",                                              
            "#masterS":"ماستر",
            "#titreS":"  العنوان ",
            "#titre":"عنوان الموضوع",
            "#encadreurS":"مشرف",
            "#encadreur":"مشرف",
            "#contenuS":"المحتوى",
            "#contenu":"المحتوى",
            "#motcléS":" الكلمات المفتاحية ",
            "#keywords":"أدخل الكلمات الرئيسية مفصولة بفاصلة ، مثل الويب ، والتعليم الإلكتروني ، ...",
            "#environementS":" البيئة ",
            "#env":"تحديد بيئة العمل",
            "#bibliographieS":" الفهرس ",
            "#creer":" انشاء  ",
            "#affecter le sujet":"تعيين الموضوع   ",
            "#compte":"الحساب ",
            "#affect":"AFFECTER  ",
            
        }
    }
}
