{
    "language": {
        "fr": {
            "#envoyer un messageM":"Send a message",      
            "#idM":"ID",
            "#expiditeurM":"Sender",
            "#nature expiditeurM":"Nature Expiditor ",
            "#recepteurM":"Receiver",
            "#nature recepteurM":"Nature Receiver",
            "#dateM":"Dated",         
            "#statutM":"Status",
            "#date de vueM":"Date of view",
            "#actionM":"Action:",
            "#consulterM":"To consult",
            "#envoyer un messageM":"Send a message",
            "#role de recepteurM":"Receiver role", 
            "#recepteurM":"Receiver",
            "#objetM":"Object",
            "#messageM":"Message",
            "#envoyerM":"Send",
                            
          
            
            
        },
        "En": {     
           "#envoyer un messageM":"Envoyer un message",      
            "#idM":"ID",
            "#expiditeurM":"Expiditeur",
            "#nature expiditeurM":"Nature Expiditeur ",
            "#recepteurM":"Recepteur",
            "#nature recepteurM":"Nature Recepteur",
            "#dateM":"Date",         
            "#statutM":"Statut",
            "#date de vueM":"Date de vue",
            "#actionM":"Action:",
            "#consulterM":"Consulter",
            "#envoyer un messageM":"Envoyer Un Message",
            "#role de recepteurM":"Role de recepteur", 
            "#recepteurM":"Recepteur",
            "#objetM":"Objet",
            "#messageM":"Message",
            "#envoyerM":"Envoyez",
            
        },
        "ar": {
           "#envoyer un messageM":"بعث رسالة",      
            "#idM":"ID",
            "#expiditeurM":"المرسل",
            "#nature expiditeurM":"Nature Expiditeur ",
            "#recepteurM":"المتلقي",
            "#nature recepteurM":"Nature Recepteur",
            "#dateM":" التاريخ",         
            "#statutM":"الحالة",
            "#date de vueM":"تاريخ العرض",
            "#actionM":"عمل",
            "#consulterM":"تشاور",
            "#envoyer un messageM":"بعث رسالة",
            "#role de recepteurM":"دور المتلقي", 
            "#recepteurM":"المتلقي",
            "#objetM":"الموضوع",
            "#messageM":"رسالة",
            "#envoyerM":"إرسال",
        }
    }
}
