{
    "language": {
        "en": {
            "#histprique des rdv ":"Appointment History",
            "#historique des messages":"Message history",
            "#id":"ID",
            "#encadreur":"Encadreur",
            "#Etudiant":"Student (s)",
            "#date":"Date",
            "#Heure":"Hour",         
            "#lieu":"Location",
            "#statut":"Status",
            "#idm":"ID ",
            "#expiditeurm":"Sender",
            "#nature expiditeurm":"Nature Expiditor",
            "#recepteurm":"Receiver",                 
            "#nature recepteurm":"Nature Receiver",
            "#datem":"Date ",
            "#statutm":"Status ",
            "#date de vuem":"View Date",
            
            
        },
        "fr": {     
              "#histprique des rdv ":"Historique des RDV",
            "#historique des messages":"Historique des messages",
            "#id":"ID",
            "#encadreur":"Encadreur",
            "#Etudiant":"Etudiant(s)",
            "#date":"Date",
            "#Heure":"Heure",         
            "#lieu":"Lieu",
            "#statut":"Statut",
            "#idm":"ID ",
            "#expiditeurm":"Expiditeur",
            "#nature expiditeurm":"Nature Expiditeur",
            "#recepteurm":"Recepteur",                 
            "#nature recepteurm":"Nature Recepteur",
            "#datem":"Date ",
            "#statutm":"Statut ",
            "#date de vuem":"Date de vue ",
            
        },
        "ar": {
             "#histprique des rdv ":" تاريخ المواعيد",
            "#historique des messages":"تاريخ الرسائل",
            "#id":"ID",
            "#encadreur":"مشرف",
            "#Etudiant":"الطلاب",
            "#date":"التاريخ ",
            "#Heure":"الساعة",         
            "#lieu":"الموقع",
            "#statut":"الحالة",
            "#idm":"ID ",
            "#expiditeurm":"المرسل",
            "#nature expiditeurm":"Nature Expiditeur",
            "#recepteurm":"المتلقي",                 
            "#nature recepteurm":"Nature Recepteur",
            "#datem":" التاريخ ",
            "#statutm":"الحالة ",
            "#date de vuem":"تاريخ العرض",
            
        }
    }
}
