{
    "language": {
        "en": {
            "#statistiques":"Statistics",
            "#sujets":"Topics",
            "#encadreurs":"Framers",
            "#comptes":"Accounts",
           
           
            
        },
        "fr": {     
            "#statistiques":"Statistiques",
            "#sujets":"Sujets",
            "#encadreurs":"Encadreurs",
            "#comptes":"Comptes",
            
        },
        "ar": {
            "#statistiques":"الإحصاء",
            "#sujets":"المواضيع",
            "#encadreurs":"مشرف",
            "#comptes":"الحسابات",
            
        }
    }
}
