{
    "language": {
        "en": {
            "#nombre total des sujets":"Total number of subjects",
            "#nombre des sujets validé":"Number of subjects validated",
            "#nombretotaldessujets":"Total number of subjects",
            "#taux d'avancement total":"Total advancement rate",
            "#niveau":" Level", 
            "#titre":"Title",
            "#encadreur":"Framer",         
            "#etat":"State ",
            "#Etudiant":"Student (s)",
            "#nombre de choix":"Number of choices:",
            "#taux d'avancement":"Rates of progress :",
            
            
        },
        "fr": {     
            "#nombre total des sujets":"Nombre total des sujets",
            "#nombre des sujets validé":"Nombre des sujets validé",
            "#nombretotaldessujets":"Nombre total des sujets",
            "#taux d'avancement total":"Taux d'avancement total",
            "#niveau":" Niveau", 
            "#titre":"Titre",
            "#encadreur":"Encadreur",         
            "#etat":"Etat ",
            "#Etudiant":"Etudiant(s)",
            "#nombre de choix":"Nombre de choix :",
            "#taux d'avancement":"Taux d'Avancement :",
            
        },
        "ar": {
            "#nombre total des sujets":"إجمالي عدد المواضيع",
            "#nombre des sujets validé":"عدد المواضيع التي تم التحقق من صحتها",
            "#nombretotaldessujets":"إجمالي عدد المواضيع",
            "#taux d'avancement total":"إجمالي معدل التقدم",
            "#niveau":" المستوى", 
            "#titre":"العنوان",
            "#encadreur":"مشرف",         
            "#etat":"الحالة",
            "#Etudiant":"الطلاب",
            "#nombre de choix":"عدد الاختيارات :",
            "#taux d'avancement":"معدلات التقدم:",
            
        }
    }
}
