{
    "language": {
        "en": {
            "#liste des choix":"List Of Choices",
            "#idC":"ID",
            "#sujetC":"Subject",
            "#date de choixC":"Choice Date",
            "#reponseC":"Answer",
            "#actionC":"Action",
            "#confirmerC":"confirm",         
            
            
            
        },
        "fr": {     
            "#liste des choix":"Liste Des Choix ",
            "#idC":"ID",
            "#sujetC":"Sujet",
            "#date de choixC":"Date De Choix",
            "#reponseC":"Reponse",
            "#actionC":"Action",
            "#confirmerC":"Confirmer",  
        },
        "ar": {
            "#liste des choix":"قائمة الاختيار ",
            "#idC":"ID",
            "#sujetC":" الموضوع",
            "#date de choixC":"تاريخ الاختيار",
            "#reponseC":"إجابة",
            "#actionC":"عمل",
            "#confirmerC":" تأكيد",      
            
        }
    }
}
