{
    "language": {
        "en": {
            "#contacter l'administrationC":"Contact the administration",
            "#contacter autresC":"Contact other",
            "#objetC":"Object",
            "#messageC":"Message",
            "#EnvoyerC":"send",
            "#role de recepteurC":"Receiver role",
            "#encadreurC":"Framer",         
            "#etudiantC":"Etudiant",
            "#recepteurCC":"Receiver",
            "#objetCC":"Object",
             "#messageCC":"Message",         
            "#envoyerCC":"send",
           
           
            
            
        },
        "fr": {     
             "#contacter l'administrationC":"Contacter l'administration",
            "#contacter autresC":"Contacter autre",
            "#objetC":"Objet",
            "#messageC":"Message",
            "#EnvoyerC":"Envoyer",
            "#role de recepteurC":"Role de recepteur",
            "#encadreurC":"Encadreur",         
            "#etudiantC":"Etudiant",
            "#recepteurCC":"Recepteur",
            "#objetCC":"Objet",
             "#messageCC":"Message",         
            "#envoyerCC":"Envoyez",
        },
        "ar": {
            "#contacter l'administrationC":"اتصل بالإدارة",
            "#contacter autresC":" تواصل  آخر",
            "#objetC":" الموضوع",
            "#messageC":"رسالة",
            "#EnvoyerC":" ارسال",
            "#role de recepteurC":"دور المتلقي",
            "#encadreurC":"مشرف",         
            "#etudiantC":"الطالب",
            "#recepteurCC":"المتلقي",
            "#objetCC":" الموضوع",
             "#messageCC":"رسالة",         
            "#envoyerCC":" ارسال",
            
        }
    }
}
