{
    "language": {
        "en": {
            "#bienvenue dans votre espaceE":"Welcome to your space ",
            "#moyenne de":"Average of",
            "#themes avec mot clé":"Themes With keyword ",
            "#themes avec mot cléE":"Themes With keyword ",
            "#notifications":"Notifications",
           
            
           
           
            
            
        },
        "fr": {     
             "#bienvenue dans votre espaceE":"Bienvenue Dans Votre Espace ",
            "#moyenne de":"Moyenne de",
            "#themes avec mot clé":"Themes Avec mot clé ",
            "#themes avec mot cléE":"Themes Avec mot clé ",
            "#notifications":"Notifications",
        },
        "ar": {
             "#bienvenue dans votre espaceE":"مرحبًا بك في مساحتك ",
            "#moyenne de":"المعدل الخاص ب",
            "#themes avec mot clé":" المواضيع مع الكلمات المفتاحية ",
            "#themes avec mot cléE":" المواضيع مع الكلمات المفتاحية ",
            "#notifications":"الإشعارات ",
            
        }
    }
}
