{
    "language": {
        "en": {
            "#envoyer un messageM":"Send a message",
            "#idM":"ID",
            "#expiditeurM":"Sender",
            "#recepteurM":"Receiver",
            "#dateM":"Dated",
            "#objetM":"Object",
            "#EtatM":"State",         
            "#date de vueM":"View Date",
            "#consulterM":"consult",
            "#consulterMM":"consult",
             "#envoyer un messageM1":"Send a message",         
            "#role de recepteurM":"Receiver role",
            "#encadreurM":"Encadreur",
            "#etudiantM":"Student",
            "#ecepteurMM":"Receiver",
             "#objetM1":"Object",         
            "#messageMM":"Message",
            "#EnvoyezM":"Send",
           
            
            
        },
        "fr": {     
             "#envoyer un messageM":"Envoyer un message",
            "#idM":"ID",
            "#expiditeurM":"Expiditeur",
            "#recepteurM":"Recepteur",
            "#dateM":"Date",
            "#objetM":"Objet",
            "#EtatM":"Etat",         
            "#date de vueM":"Date de Vue",
            "#consulterM":"Consulter",
            "#consulterMM":"Consulter",
             "#envoyer un messageM":"Envoyer Un Message",         
            "#role de recepteurM":"Role de recepteur",
            "#encadreurM":"Encadreur",
            "#etudiantM":"Etudiant",
            "#ecepteurMM":"Recepteur",
             "#objetM":"Objet",         
            "#messageMM":"Message",
            "#EnvoyezM":"Envoyez",
        },
        "ar": {
            "#envoyer un messageM":"بعث رسالة",
            "#idM":"ID",
            "#expiditeurM":" المرسل",
            "#recepteurM":"المتلقي",
            "#dateM":"التاريخ",
            "#objetM":"الموضوع",
            "#EtatM":"  الحالة",         
            "#date de vueM":"تاريخ العرض",
            "#consulterM":"تشاور",
            "#consulterMM":"تشاور",
             "#envoyer un messageM":"بعث رسالة",         
            "#role de recepteurM":"دور المتلقي",
            "#encadreurM":"مشرف",
            "#etudiantM":"طالب ",
            "#ecepteurMM":"المتلقي",
             "#objetM":"الموضوع",         
            "#messageMM":"الرسالة",
            "#EnvoyezM":"إرسال",
            
        }
    }
}
