{
    "language": {
        "en": {
            "#moyenne de compteE":"Account Average ",
            "#type de compteE":"Type of account",
            "#niveau de compteE":"Level ",
            "#sujetE":"Subject",
            "#modifier profileE":"Edit profile",
            "#envoyer un messageE":"Send a message",
            "#demander un RDVE1":"Request an appointment",         
            "#demander un RDVE2":"Request an appointment",
            "#information sur les étudiants":"Student Information",
            "#envoyey un messageE":" Send a message",
             "#objetE":"Object",         
            "#messageE":"Message",
              "#envoyerE":"Send",
            "#demander un RDVEE":"Request an appointment",
             "#dateE":"Dated",         
            "#heureE":"Hour",
             "#lieuE":"Location",         
            "#demanderE":"Request",
            
           
           
            
            
        },
        "fr": {     
            "#moyenne de compteE":"Moyenne de Compte ",
            "#type de compteE":"Type de compte",
            "#niveau de compteE":"Niveau ",
            "#sujetE":"Sujet",
            "#modifier profileE":"Modifier profile",
            "#envoyer un messageE":"Envoyer un message",
            "#demander un RDVE1":"Demander un RDV",         
            "#demander un RDVE2":"Demander un RDV",
            "#information sur les étudiants":"Information sur les etudiants",
            "#envoyey un messageE":" Envoyer Un Message",
             "#objetE":"Objet",         
            "#messageE":"Message",
              "#envoyerE":"Envoyez",
            "#demander un RDVEE":"Demandez Un Rendez-Vous",
             "#dateE":"Date",         
            "#heureE":"Heure",
             "#lieuE":"Lieu",         
            "#demanderE":"Demander",
        },
        "ar": {
            "#moyenne de compteE":"معدل ​​الحساب ",
            "#type de compteE":"نوع الحساب",
            "#niveau de compteE":"​​المستوى ",
            "#sujetE":"الموضوع",
            "#modifier profileE":"تعديل الملف الشخصي",
            "#envoyer un messageE":"بعث رسالة",
            "#demander un RDVE1":"طلب موعد",         
            "#demander un RDVE2":"طلب موعد",
            "#information sur les étudiants":"بيانات الطالب",
            "#envoyey un messageE":" بعث رسالة",
             "#objetE":" الموضوع",         
            "#messageE":"الرسالة",
              "#envoyerE":"إرسال",
            "#demander un RDVEE":"طلب موعد",
             "#dateE":"التاريخ",         
            "#heureE":"الساعة",
             "#lieuE":"الموقع",         
            "#demanderE":"​​الطلب",
            
        }
    }
}
