{
    "language": {
        "en": {
            "#liste des rendez-vousRV":"Liste Des Rendez-Vous ",
            "#demander un rendez-vousRV":"Demander Un Rendez Vous",
            "#idRV":"ID",
            "#dateRV":"Date",
            "#heureRV":"Heure",
            "#EtatRV":"Etat",
            "#actionRV1":"Action",         
            "#actionRV2":"Action",
            "#ConfirmerRV":"Confirmer",
            "#modifierRV":"Modifier",
             "#modifier rendez-vousRV":"MODIFIER Rendez Vous",         
            "#idRV1":"id ",
            "#dateRV1":"Date",
            "#heureRV1":"Heure",
            "#lieuRV":"Lieu",
             "#modifierRV1":"Modifier",         
            "#demander un render-vousRV1":"Demander Un Rendez Vous",
            "#dateRV2":"Date",
            "#heureRV2":"Heure ",
             "#lieuRV1":"Lieu",         
            "#demanderRV":"Demander",
          
            
            
        },
        "fr": {     
                       "#liste des rendez-vousRV":"Liste Des Rendez-Vous ",
            "#demander un rendez-vousRV":"Demander Un Rendez Vous",
            "#idRV":"ID",
            "#dateRV":"Date",
            "#heureRV":"Heure",
            "#EtatRV":"Etat",
            "#actionRV1":"Action",         
            "#actionRV2":"Action",
            "#ConfirmerRV":"Confirmer",
            "#modifierRV":"Modifier",
             "#modifier rendez-vousRV":"MODIFIER Rendez Vous",         
            "#idRV":"id ",
            "#dateRV":"Date",
            "#heureRV":"Heure",
            "#lieuRV":"Lieu",
             "#modifierRV1":"Modifier",         
            "#demander un render-vousRV1":"Demander Un Rendez Vous",
            "#dateRV1":"Date",
            "#heureRV1":"Heure ",
             "#lieuRV1":"Lieu",         
            "#demanderRV":"Demander",
        },
        "ar": {
            "#liste des rendez-vousRV":"قائمة المواعيد ",
            "#demander un rendez-vousRV":"طلب موعد",
            "#idRV":"ID",
            "#dateRV":" التاريخ",
            "#heureRV":"الساعة",
            "#EtatRV":" الحالة",
            "#actionRV1":"عمل",         
            "#actionRV2":"عمل",
            "#ConfirmerRV":"تأكيد",
            "#modifierRV":"تعديل",
             "#modifier rendez-vousRV":"تعديل الموعد",         
            "#idRV":"id ",
            "#dateRV":"التاريخ",
            "#heureRV":"الساعة",
            "#lieuRV":"الموقع",
             "#modifierRV1":"تعديل",         
            "#demander un render-vousRV1":"طلب موعد",
            "#dateRV1":"التاريخ",
            "#heureRV1":"الساعة",
             "#lieuRV1":"Lieu",         
            "#demanderRV":"طلب",
            
        }
    }
}
