{
    "language": {
        "en": {
            "#encadreurTm":"Encadreur ",
            "#DescreptionTm":"Descreption",
            "#keywordsTm":"Keywords",
            "#environementTm":"Environment",
            "#bibliographieTm":"Bibliography",
            "#le theme n'est pas encore validé":"The theme is not yet validated",
            "#etuduantTm":"Student (s)",         
            "#taux d'avancementTm":"Rates of progress",
            "#le theme n'est pas encore affecté":"The theme is not yet affected",
            "#nombre de fois choisi":"Number of times chosen",
            
            
        },
        "fr": {     
            "#encadreurTm":"Encadreur ",
            "#DescreptionTm":"Descreption",
            "#keywordsTm":"Keywords",
            "#environementTm":"Environement",
            "#bibliographieTm":"Bibliographie",
            "#le theme n'est pas encore validé":"Le theme n'est pas encore validé",
            "#etuduantTm":"Etudiant(s)",         
            "#taux d'avancementTm":"Taux d'avancement",
            "#le theme n'est pas encore affecté":"Le theme n'est pas encore affecté",
            "#nombre de fois choisi":"Nombre de fois choisi",
        },
        "ar": {
             "#encadreurTm":"مشرف",
            "#DescreptionTm":"الوصف",
            "#keywordsTm":"الكلمات المفتاحية",
            "#environementTm":"البيئة ",
            "#bibliographieTm":"الفهرس",
            "#le theme n'est pas encore validé":"لم يتم التحقق من صحة الموضوع بعد",
            "#etuduantTm":"الطلاب",         
            "#taux d'avancementTm":"معدلات التقدم",
            "#le theme n'est pas encore affecté":"الموضوع لم يتأثر بعد",
            "#nombre de fois choisi":"عدد المرات المختارة",   
            
        }
    }
}
