{
    "language": {
        "en": {
            "#liste des themes":"List Of Themes",
            "#idt":"ID",
            "#titret":"Title",
            "#encadreurt":"Encadreur",
            "#nombre de selectiont":"Number of selection",
            "#actiont":"Action",
            "#choisirt":"choose",         
            
            
            
        },
        "fr": {     
             "#liste des themes":"Liste Des Themes",
            "#idt":"ID",
            "#titret":"Titre",
            "#encadreurt":"Encadreur",
            "#nombre de selectiont":"Nombre de selection",
            "#actiont":"Action",
            "#choisirt":"Choisir",     
            
        },
        "ar": {
            "#liste des themes":"قائمة المواضيع",
            "#idt":"ID",
            "#titret":"العنوان ",
            "#encadreurt":"مشرف",
            "#nombre de selectiont":"عدد الاختيار",
            "#actiont":"عمل",
            "#choisirt":"اختيار",     
            
        }
    }
}
